EventID,EventType,StartDateTime,EndDateTime,EnteredOn,EventAgency,ParkingHeld,Borough,CommunityBoard(s),PolicePrecinct(s),Category,SubCategoryName,Country,ZipCode(s)
457711,Shooting Permit,12/29/2018 04:00:00 AM,12/29/2018 10:00:00 AM,12/28/2018 12:12:51 PM,"Mayor's Office of Film, Theatre & Broadcasting",WEST   48 STREET between 6 AVENUE and 7 AVENUE,Manhattan,5,18,Television,News,United States of America,"10036, 10105"
457339,Shooting Permit,12/24/2018 04:00:00 AM,12/24/2018 11:00:00 AM,12/21/2018 04:17:47 PM,"Mayor's Office of Film, Theatre & Broadcasting",WEST   48 STREET between 6 AVENUE and 7 AVENUE,Manhattan,5,18,Television,News,United States of America,"10036, 10105"
457330,Shooting Permit,12/28/2018 06:00:00 AM,12/28/2018 09:00:00 PM,12/21/2018 03:42:49 PM,"Mayor's Office of Film, Theatre & Broadcasting",3 AVENUE between BRUCKNER BOULEVARD and EAST  134 STREET,Bronx,1,40,WEB,Not Applicable,United States of America,"10451, 10454"
457331,Shooting Permit,12/29/2018 06:00:00 AM,12/29/2018 06:00:00 PM,12/21/2018 03:42:49 PM,"Mayor's Office of Film, Theatre & Broadcasting",HOME STREET between WESTCHESTER AVENUE and LONGFELLOW AVENUE,Bronx,3,42,WEB,Not Applicable,United States of America,10459
457299,Shooting Permit,12/27/2018 12:01:00 AM,01/12/2019 11:59:00 PM,12/21/2018 12:48:35 PM,"Mayor's Office of Film, Theatre & Broadcasting","AMSTERDAM AVENUE between WEST   62 STREET and WEST   65 STREET,  AMSTERDAM AVENUE between WEST   62 STREET and WEST   65 STREET,  AMSTERDAM AVENUE between WEST   62 STREET and WEST   65 STREET,  AMSTERDAM AVENUE between WEST   62 STREET and WEST   65 STREET,  AMSTERDAM AVENUE between WEST   62 STREET and WEST   65 STREET,  AMSTERDAM AVENUE between WEST   62 STREET and WEST   65 STREET",Manhattan,7,20,Television,Not Applicable,United States of America,10023
457291,Shooting Permit,12/23/2018 04:00:00 AM,12/23/2018 11:00:00 AM,12/21/2018 12:18:48 PM,"Mayor's Office of Film, Theatre & Broadcasting",WEST   48 STREET between 6 AVENUE and 7 AVENUE,Manhattan,5,18,Television,News,United States of America,"10036, 10105"
457137,Theater Load in and Load Outs,12/28/2018 06:00:00 AM,12/28/2018 06:00:00 PM,12/20/2018 12:48:16 PM,"Mayor's Office of Film, Theatre & Broadcasting",ASHLAND PLACE between HANSON PLACE and LAFAYETTE AVENUE,Brooklyn,2,88,Theater,Theater,United States of America,11217
457124,Shooting Permit,12/21/2018 05:00:00 PM,12/23/2018 07:00:00 AM,12/20/2018 11:49:46 AM,"Mayor's Office of Film, Theatre & Broadcasting","STEWART AVENUE between MESEROLE STREET and SCHOLES STREET,  STEWART AVENUE between MESEROLE STREET and SCHOLES STREET,  STEWART AVENUE between MESEROLE STREET and SCHOLES STREET,  INGRAHAM STREET between PORTER AVENUE and KNICKERBOCKER AVENUE",Brooklyn,1,90,Music Video,Not Applicable,United States of America,11237
457099,Shooting Permit,12/21/2018 10:00:00 AM,12/22/2018 12:00:00 AM,12/20/2018 09:50:01 AM,"Mayor's Office of Film, Theatre & Broadcasting","KINGSLAND AVENUE between NORMAN AVENUE and GREENPOINT AVENUE,  NORMAN AVENUE between KINGSLAND AVENUE and HAUSMAN STREET",Brooklyn,1,94,Television,Episodic series,United States of America,11222
457068,Shooting Permit,12/21/2018 07:00:00 AM,12/21/2018 09:00:00 PM,12/19/2018 06:46:11 PM,"Mayor's Office of Film, Theatre & Broadcasting","MESEROLE AVENUE between JEWEL STREET and DIAMOND STREET,  DIAMOND STREET between MESEROLE AVENUE and CALYER STREET,  JEWEL STREET between MESEROLE AVENUE and CALYER STREET",Brooklyn,1,94,Television,Episodic series,United States of America,11222
457040,Shooting Permit,12/22/2018 12:00:00 AM,12/22/2018 01:00:00 PM,12/19/2018 03:27:23 PM,"Mayor's Office of Film, Theatre & Broadcasting",WEST   48 STREET between 6 AVENUE and 7 AVENUE,Manhattan,5,18,Television,News,United States of America,"10036, 10105"
457038,Rigging Permit,12/21/2018 01:00:00 PM,12/21/2018 11:59:00 PM,12/19/2018 03:20:49 PM,"Mayor's Office of Film, Theatre & Broadcasting",WEST   48 STREET between 6 AVENUE and 7 AVENUE,Manhattan,5,18,Television,News,United States of America,"10036, 10105"
457030,Theater Load in and Load Outs,12/28/2018 09:00:00 PM,12/29/2018 11:59:00 PM,12/19/2018 02:56:46 PM,"Mayor's Office of Film, Theatre & Broadcasting",SEVENTH AVENUE between WEST   57 STREET and WEST   56 STREET,Manhattan,5,18,Theater,Theater,United States of America,"10019, 10106"
457011,Shooting Permit,12/20/2018 07:00:00 AM,12/20/2018 09:00:00 PM,12/19/2018 01:10:14 PM,"Mayor's Office of Film, Theatre & Broadcasting","STARR AVENUE between BORDEN AVENUE and VAN DAM STREET,  REVIEW AVENUE between BORDEN AVENUE and VAN DAM STREET,  21 STREET between QUEENS PLAZA SOUTH and 43 AVENUE,  43 AVENUE between 21 STREET and 22 STREET,  22 STREET between 43 AVENUE and QUEENS PLAZA SOUTH",Queens,2,108,Television,Episodic series,United States of America,11101
457002,Shooting Permit,12/21/2018 08:00:00 AM,12/21/2018 11:00:00 PM,12/19/2018 12:31:03 PM,"Mayor's Office of Film, Theatre & Broadcasting","COVERT STREET between WYCKOFF AVENUE and IRVING AVENUE,  IRVING AVENUE between COVERT STREET and ELDERT STREET",Queens,"4, 5","104, 83",Television,Episodic series,United States of America,"11237, 11385"
457000,Shooting Permit,12/20/2018 08:30:00 AM,12/20/2018 11:00:00 PM,12/19/2018 12:27:48 PM,"Mayor's Office of Film, Theatre & Broadcasting","COVERT STREET between WYCKOFF AVENUE and IRVING AVENUE,  IRVING AVENUE between COVERT STREET and ELDERT STREET",Queens,"4, 5","104, 83",Television,Episodic series,United States of America,"11237, 11385"
456996,Shooting Permit,12/21/2018 10:00:00 AM,12/22/2018 02:00:00 AM,12/19/2018 12:07:35 PM,"Mayor's Office of Film, Theatre & Broadcasting","EAST  139 STREET between LOCUST AVENUE and WALNUT AVENUE,  WALNUT AVENUE between EAST  139 STREET and EAST  140 STREET,  EAST  140 STREET between WALNUT AVENUE and LOCUST AVENUE,  LOCUST AVENUE between EAST  139 STREET and EAST  136 STREET",Bronx,1,40,Television,Episodic series,United States of America,10454
456951,Shooting Permit,12/21/2018 12:00:00 PM,12/22/2018 02:00:00 AM,12/18/2018 06:35:35 PM,"Mayor's Office of Film, Theatre & Broadcasting","Cooper Ave between 83 STREET and 80th St,  83 STREET between COOPER AVENUE and DORAN AVENUE",Queens,5,104,Television,Episodic series,United States of America,11385
456949,Shooting Permit,12/20/2018 12:00:00 PM,12/21/2018 02:00:00 AM,12/18/2018 05:34:16 PM,"Mayor's Office of Film, Theatre & Broadcasting","JAVA STREET between WEST STREET and DEAD END,  KENT STREET between WEST STREET and DEAD END,  GREENPOINT AVENUE between WEST STREET and DEAD END",Brooklyn,1,94,Television,Episodic series,United States of America,11222
456929,Shooting Permit,12/21/2018 09:00:00 AM,12/21/2018 11:00:00 PM,12/18/2018 03:13:37 PM,"Mayor's Office of Film, Theatre & Broadcasting","NORTH HENRY STREET between GREENPOINT AVENUE and MESEROLE AVENUE,  RUSSELL STREET between GREENPOINT AVENUE and CALYER STREET",Brooklyn,1,94,Television,Episodic series,United States of America,11222
456927,Shooting Permit,12/20/2018 09:00:00 AM,12/20/2018 11:00:00 PM,12/18/2018 03:07:33 PM,"Mayor's Office of Film, Theatre & Broadcasting","NORTH HENRY STREET between GREENPOINT AVENUE and MESEROLE AVENUE,  RUSSELL STREET between GREENPOINT AVENUE and CALYER STREET",Brooklyn,1,94,Television,Episodic series,United States of America,11222
456921,Shooting Permit,12/20/2018 09:00:00 AM,12/21/2018 03:00:00 AM,12/18/2018 02:39:07 PM,"Mayor's Office of Film, Theatre & Broadcasting","2ND ST between 1 AVENUE and 2 AVENUE,  2ND AVE between EAST    2 STREET and EAST    3 STREET,  EAST    3 STREET between 1 AVENUE and 2 AVENUE,  EAST    3 STREET between 2 AVENUE and BOWERY",Manhattan,3,9,Television,Episodic series,United States of America,10003
456911,Shooting Permit,12/19/2018 12:00:00 PM,12/20/2018 02:00:00 AM,12/18/2018 01:48:01 PM,"Mayor's Office of Film, Theatre & Broadcasting","WEST   58 STREET between 6 AVENUE and 7 AVENUE,  WEST   58 STREET between 7 AVENUE and BROADWAY,  7 AVENUE between WEST   57 STREET and CENTRAL PARK SOUTH,  6 AVENUE between WEST   57 STREET and CENTRAL PARK SOUTH,  BROADWAY between COLUMBUS CIRCLE and WEST   57 STREET",Manhattan,5,18,Television,Episodic series,United States of America,10019
456898,Shooting Permit,12/21/2018 10:30:00 AM,12/21/2018 11:30:00 PM,12/18/2018 12:27:58 PM,"Mayor's Office of Film, Theatre & Broadcasting","EAST   18 STREET between 5 AVENUE and BROADWAY,  EAST   18 STREET between PARK AVENUE SOUTH and BROADWAY,  PARK AVENUE SOUTH between EAST   18 STREET and EAST   20 STREET,  BROADWAY between EAST   18 STREET and EAST   19 STREET,  EAST   20 STREET between PARK AVENUE SOUTH and BROADWAY",Manhattan,5,13,Television,Episodic series,United States of America,10003
456854,Shooting Permit,12/23/2018 05:00:00 AM,12/23/2018 11:00:00 AM,12/18/2018 08:58:54 AM,"Mayor's Office of Film, Theatre & Broadcasting",WEST   48 STREET between 6 AVENUE and 7 AVENUE,Manhattan,5,18,Television,News,United States of America,"10036, 10105"
456852,Shooting Permit,12/20/2018 04:00:00 AM,12/20/2018 10:00:00 AM,12/18/2018 08:45:54 AM,"Mayor's Office of Film, Theatre & Broadcasting",WEST   48 STREET between 6 AVENUE and 7 AVENUE,Manhattan,5,18,Television,News,United States of America,"10036, 10105"
456821,Shooting Permit,12/20/2018 07:00:00 AM,12/20/2018 09:00:00 PM,12/17/2018 05:30:49 PM,"Mayor's Office of Film, Theatre & Broadcasting","BROOME STREET between FORSYTH STREET and ELDRIDGE STREET,  FORSYTH STREET between GRAND STREET and HESTER STREET,  GRAND STREET between FORSYTH STREET and CHRYSTIE STREET,  FORSYTH STREET between GRAND STREET and DELANCEY STREET",Manhattan,3,5,Television,Episodic series,United States of America,10002
456777,Shooting Permit,12/19/2018 08:00:00 AM,12/19/2018 10:00:00 PM,12/17/2018 02:28:25 PM,"Mayor's Office of Film, Theatre & Broadcasting","NORTH HENRY STREET between GREENPOINT AVENUE and MESEROLE AVENUE,  RUSSELL STREET between GREENPOINT AVENUE and CALYER STREET",Brooklyn,1,94,Television,Episodic series,United States of America,11222
456753,Shooting Permit,12/21/2018 07:00:00 AM,12/21/2018 11:00:00 PM,12/17/2018 01:42:03 PM,"Mayor's Office of Film, Theatre & Broadcasting","QUEENS PLAZA SOUTH between 21 STREET and 22 STREET,  22 STREET between QUEENS PLAZA SOUTH and 43 AVENUE",Queens,2,108,Television,Episodic series,United States of America,11101
456747,Shooting Permit,12/20/2018 09:00:00 AM,12/20/2018 11:00:00 PM,12/17/2018 01:34:49 PM,"Mayor's Office of Film, Theatre & Broadcasting","WEST   23 STREET between 8 AVENUE and 9 AVENUE,  WEST   22 STREET between 8 AVENUE and 9 AVENUE,  WEST   24 STREET between 8 AVENUE and 9 AVENUE,  9 AVENUE between WEST   22 STREET and WEST   23 STREET,  BROADWAY between EAST   18 STREET and EAST   19 STREET,  EAST   18 STREET between BROADWAY and 5 AVENUE,  EAST   20 STREET between 5 AVENUE and PARK AVENUE SOUTH,  EAST   19 STREET between 5 AVENUE and PARK AVENUE SOUTH,  5 AVENUE between EAST   18 STREET and EAST   20 STREET",Manhattan,"4, 5","10, 13",Television,Episodic series,United States of America,"10003, 10011"
456728,Shooting Permit,12/20/2018 06:00:00 AM,12/20/2018 08:00:00 PM,12/17/2018 01:02:06 PM,"Mayor's Office of Film, Theatre & Broadcasting","WEST   57 STREET between 11 AVENUE and WEST SIDE HIGHWAY,  58 STREET between 11 AVENUE and 12 AVENUE",Manhattan,"12, 4","18, 66",Commercial,Commercial,United States of America,"10019, 11219"
456727,Shooting Permit,12/19/2018 06:00:00 AM,12/19/2018 08:00:00 PM,12/17/2018 01:02:06 PM,"Mayor's Office of Film, Theatre & Broadcasting","WEBSTER AVENUE between BEDFORD PARK BOULEVARD and BOTANICAL SQUARE SOUTH,  WEBSTER AVENUE between BEDFORD PARK BOULEVARD and BOTANICAL SQUARE NORTH,  BOTANCIAL SQUARE SOUTH between WEBSTER AVE and BOTANICAL SQUARE",Bronx,7,52,Commercial,Commercial,United States of America,10458
456711,Shooting Permit,12/20/2018 10:00:00 AM,12/20/2018 11:00:00 PM,12/17/2018 12:15:08 PM,"Mayor's Office of Film, Theatre & Broadcasting","VERNON BOULEVARD between QUEENS PLAZA SOUTH and 41 AVENUE,  VERNON BOULEVARD between QUEENS PLAZA SOUTH and 41 AVENUE,  VERNON BOULEVARD between 40 AVENUE and 41 AVENUE,  QUEENS PLAZA SOUTH between 21 STREET and 22 STREET,  22 STREET between QUEENS PLAZA SOUTH and 43 AVENUE",Queens,"1, 2","108, 114",Television,Episodic series,United States of America,11101
456704,Shooting Permit,12/21/2018 06:00:00 AM,12/21/2018 10:00:00 PM,12/17/2018 12:02:30 PM,"Mayor's Office of Film, Theatre & Broadcasting","35 STREET between 34 AVENUE and 35 AVENUE,  35 AVENUE between 35 STREET and 36 STREET",Queens,1,114,Television,Cable-episodic,United States of America,11106
456694,Shooting Permit,12/20/2018 07:00:00 AM,12/20/2018 10:00:00 PM,12/17/2018 11:43:49 AM,"Mayor's Office of Film, Theatre & Broadcasting","EAST   26 STREET between PARK AVENUE SOUTH and MADISON AVENUE,  PARK AVENUE SOUTH between EAST   26 STREET and EAST   27 STREET,  PARK AVENUE SOUTH between EAST   26 STREET and EAST   30 STREET,  EAST   28 STREET between PARK AVENUE SOUTH and LEXINGTON AVENUE,  EAST   29 STREET between PARK AVENUE SOUTH and LEXINGTON AVENUE,  LEXINGTON AVENUE between EAST   28 STREET and EAST   29 STREET,  LEXINGTON AVENUE between EAST   29 STREET and EAST   30 STREET",Manhattan,"5, 6","13, 14",Television,Cable-episodic,United States of America,"10010, 10016"
456693,Shooting Permit,12/19/2018 06:00:00 AM,12/19/2018 10:00:00 PM,12/17/2018 11:43:26 AM,"Mayor's Office of Film, Theatre & Broadcasting","35 STREET between 34 AVENUE and 35 AVENUE,  35 AVENUE between 35 STREET and 36 STREET",Queens,1,114,Television,Cable-episodic,United States of America,11106
456692,Shooting Permit,12/20/2018 09:00:00 AM,12/21/2018 02:00:00 AM,12/17/2018 11:42:52 AM,"Mayor's Office of Film, Theatre & Broadcasting","WEST STREET between FREEMAN STREET and EAGLE STREET,  EAGLE STREET between WEST STREET and FRANKLIN STREET",Brooklyn,1,94,Television,Episodic series,United States of America,11222
456653,Shooting Permit,12/19/2018 10:00:00 AM,12/20/2018 01:00:00 AM,12/17/2018 10:07:17 AM,"Mayor's Office of Film, Theatre & Broadcasting","MERMAID AVENUE between WEST   29 STREET and WEST   25 STREET,  MERMAID AVENUE between WEST   29 STREET and WEST   28 STREET,  WEST   28 STREET between NEPTUNE AVENUE and MERMAID AVENUE,  WEST   28 STREET between MERMAID AVENUE and SURF AVENUE,  WEST   29 STREET between NEPTUNE AVENUE and MERMAID AVENUE,  NEPTUNE AVENUE between WEST   31 STREET and WEST   28 STREET,  BAYVIEW AVENUE between NEPTUNE AVENUE and WEST   33 STREET,  SURF AVENUE between STILLWELL AVENUE and WEST   10 STREET,  STILLWELL AVENUE between SURF AVENUE and DEAD END,  W 12TH ST between SURF AVENUE and DEAD END,  Bowery St between W 12th St and Ruby Jacobs Walk",Brooklyn,13,60,Television,Episodic series,United States of America,"11223, 11224"
456651,Theater Load in and Load Outs,12/20/2018 12:01:00 AM,12/21/2018 06:00:00 AM,12/17/2018 09:58:34 AM,"Mayor's Office of Film, Theatre & Broadcasting",WEST   43 STREET between BROADWAY and 6 AVENUE,Manhattan,5,14,Theater,Theater,United States of America,10036
456638,Shooting Permit,12/19/2018 07:00:00 AM,12/19/2018 08:00:00 PM,12/17/2018 09:07:46 AM,"Mayor's Office of Film, Theatre & Broadcasting","BROOME STREET between FORSYTH STREET and ELDRIDGE STREET,  FORSYTH STREET between GRAND STREET and DELANCEY STREET,  FORSYTH STREET between GRAND STREET and HESTER STREET,  GRAND STREET between FORSYTH STREET and CHRYSTIE STREET",Manhattan,3,5,Television,Episodic series,United States of America,10002
456513,Shooting Permit,12/18/2018 06:15:00 AM,12/18/2018 11:15:00 AM,12/14/2018 06:33:02 PM,"Mayor's Office of Film, Theatre & Broadcasting",VAN DYKE STREET between FERRIS STREET and DEAD END,Brooklyn,6,76,Still Photography,Not Applicable,United States of America,11231
456512,Shooting Permit,12/19/2018 08:00:00 AM,12/20/2018 01:00:00 AM,12/14/2018 06:27:24 PM,"Mayor's Office of Film, Theatre & Broadcasting",VANDERBILT AVENUE between TALBOT PLACE and BAY STREET,Staten Island,1,120,Television,Episodic series,United States of America,10304
456479,Shooting Permit,12/19/2018 07:00:00 AM,12/19/2018 11:00:00 PM,12/14/2018 02:47:05 PM,"Mayor's Office of Film, Theatre & Broadcasting","WEST   80 STREET between COLUMBUS AVENUE and AMSTERDAM AVENUE,  AMSTERDAM AVENUE between WEST   79 STREET and WEST   82 STREET,  WEST   81 STREET between COLUMBUS AVENUE and AMSTERDAM AVENUE,  WEST   81 STREET between COLUMBUS AVENUE and AMSTERDAM AVENUE,  AMSTERDAM AVENUE between WEST   80 STREET and WEST   82 STREET,  WEST   82 STREET between AMSTERDAM AVENUE and BROADWAY",Manhattan,7,20,Television,Episodic series,United States of America,10024
456464,Shooting Permit,12/15/2018 04:00:00 PM,12/16/2018 07:00:00 AM,12/14/2018 01:23:22 PM,"Mayor's Office of Film, Theatre & Broadcasting","10 AVENUE between WEST   14 STREET and WEST   15 STREET,  WEST   15 STREET between 10 AVENUE and 11 AVENUE,  WEST   17 STREET between 9 AVENUE and 10 AVENUE,  WASHINGTON STREET between WEST   13 STREET and LITTLE WEST   12 STREET,  LITTLE WEST   12 STREET between WASHINGTON STREET and 9 AVENUE",Manhattan,"2, 4","10, 6",Television,Episodic series,United States of America,"10011, 10014"
456463,Shooting Permit,12/18/2018 06:00:00 AM,12/18/2018 09:00:00 PM,12/14/2018 01:11:05 PM,"Mayor's Office of Film, Theatre & Broadcasting","24 AVENUE between 29 STREET and 31 STREET,  24 AVENUE between 28 STREET and 29 STREET,  29 STREET between HOYT AVENUE NORTH and 24 AVENUE,  29 STREET between 23 AVENUE and 24 AVENUE,  46 STREET between 20 AVENUE and 21 AVENUE,  20 ROAD between 45 STREET and 46 STREET,  46 STREET between 20 AVENUE and 19 AVENUE,  20 AVENUE between 43 STREET and 45 STREET,  20 AVENUE between 45 STREET and 46 STREET,  20 AVENUE between 46 STREET and 47 STREET,  20 AVENUE between 45 STREET and 46 STREET,  20 AVENUE between 46 STREET and 47 STREET,  29 STREET between 23 AVENUE and 23 ROAD,  21 AVENUE between 45 STREET and 46 STREET",Queens,1,114,Television,Cable-episodic,United States of America,"11102, 11105"
456458,Shooting Permit,12/17/2018 07:00:00 AM,12/17/2018 03:30:00 PM,12/14/2018 12:55:10 PM,"Mayor's Office of Film, Theatre & Broadcasting","CENTRAL AVENUE between WILLOUGHBY AVENUE and HART STREET,  SUYDAM STREET between CENTRAL AVENUE and WILSON AVENUE",Brooklyn,4,83,Television,Episodic series,United States of America,11221
456455,Shooting Permit,12/20/2018 10:00:00 AM,12/21/2018 12:00:00 AM,12/14/2018 12:38:31 PM,"Mayor's Office of Film, Theatre & Broadcasting","KINGSLAND AVENUE between NORMAN AVENUE and GREENPOINT AVENUE,  NORMAN AVENUE between KINGSLAND AVENUE and HAUSMAN STREET",Brooklyn,1,94,Television,Episodic series,United States of America,11222
456453,Shooting Permit,12/15/2018 10:00:00 PM,12/16/2018 03:00:00 AM,12/14/2018 12:27:24 PM,"Mayor's Office of Film, Theatre & Broadcasting","ESSEX STREET between RIVINGTON STREET and STANTON STREET,  ESSEX STREET between RIVINGTON STREET and STANTON STREET,  ELDRIDGE STREET between RIVINGTON STREET and DELANCEY STREET",Manhattan,3,"5, 7",Film,Feature,United States of America,10002
456452,Shooting Permit,12/19/2018 11:00:00 AM,12/20/2018 02:00:00 AM,12/14/2018 12:23:00 PM,"Mayor's Office of Film, Theatre & Broadcasting","GRAND AVENUE between 69 STREET and 69 PLACE,  69 STREET between HULL AVENUE and GRAND AVENUE,  69 PLACE between HULL AVENUE and GRAND AVENUE,  GRAND AVENUE between 72 STREET and 72 PLACE,  57 AVENUE between 74 STREET and 80 STREET",Queens,"4, 5","104, 110",Television,Episodic series,United States of America,"11373, 11378"
456448,Shooting Permit,12/19/2018 09:00:00 AM,12/19/2018 10:00:00 PM,12/14/2018 11:59:21 AM,"Mayor's Office of Film, Theatre & Broadcasting","SOUTH    5 STREET between KENT AVENUE and BEDFORD AVENUE,  DUNHAM PLACE between BROADWAY and SOUTH    6 STREET,  DUNHAM PLACE between BROADWAY and SOUTH    6 STREET,  SOUTH    6 STREET between WYTHE AVENUE and BERRY STREET,  WYTHE AVENUE between SOUTH    6 STREET and BROADWAY,  KENT AVENUE between SOUTH    6 STREET and BROADWAY,  KENT AVENUE between SOUTH    6 STREET and BROADWAY,  KENT AVE between SOUTH    5 STREET and SOUTH    6 STREET,  BROADWAY between KENT AVENUE and WYTHE AVENUE,  BROADWAY between WYTHE AVENUE and BERRY STREET,  SOUTH    6 STREET between WYTHE AVENUE and DUNHAM PLACE,  SOUTH    6 STREET between KENT AVENUE and DUNHAM PLACE",Brooklyn,1,90,Television,Episodic series,United States of America,"11211, 11249"
456446,Shooting Permit,12/18/2018 11:00:00 AM,12/19/2018 02:00:00 AM,12/14/2018 11:48:43 AM,"Mayor's Office of Film, Theatre & Broadcasting","METROPOLITAN AVENUE between 78 STREET and 75 STREET,  75 STREET between METROPOLITAN AVENUE and 67 ROAD,  78 STREET between METROPOLITAN AVENUE and 66 DRIVE,  80 STREET between 67 ROAD and METROPOLITAN AVENUE,  METROPOLITAN AVENUE between 80 STREET and 79 STREET",Queens,5,104,Television,Episodic series,United States of America,11379
456417,Shooting Permit,12/15/2018 05:00:00 AM,12/15/2018 11:00:00 AM,12/14/2018 09:45:29 AM,"Mayor's Office of Film, Theatre & Broadcasting",WEST   48 STREET between 6 AVENUE and 7 AVENUE,Manhattan,5,18,Television,News,United States of America,"10036, 10105"
456415,Shooting Permit,12/15/2018 05:00:00 AM,12/15/2018 11:00:00 AM,12/14/2018 09:41:57 AM,"Mayor's Office of Film, Theatre & Broadcasting",WEST   47 STREET between 6 AVENUE and 7 AVENUE,Manhattan,5,18,Television,News,United States of America,10036
456408,Shooting Permit,12/21/2018 10:00:00 AM,12/22/2018 02:00:00 AM,12/14/2018 09:25:45 AM,"Mayor's Office of Film, Theatre & Broadcasting","DEGRAW STREET between BOND STREET and NEVINS STREET,  DEGRAW STREET between NEVINS STREET and 3 AVENUE,  SACKETT STREET between NEVINS STREET and 3 AVENUE,  NEVINS STREET between DEGRAW STREET and SACKETT STREET,  NEVINS STREET between SACKETT STREET and UNION STREET,  DEGRAW STREET between BOND STREET and NEVINS STREET,  BOND STREET between DOUGLASS STREET and DEGRAW STREET",Brooklyn,6,"76, 78",Television,Episodic series,United States of America,11217
456392,Shooting Permit,12/17/2018 06:00:00 AM,12/17/2018 09:00:00 PM,12/13/2018 09:20:38 PM,"Mayor's Office of Film, Theatre & Broadcasting","GATES AVENUE between ST NICHOLAS AVENUE and WYCKOFF AVENUE,  WYCKOFF AVENUE between GATES AVENUE and GROVE STREET,  ST NICHOLAS AVE between WOODBINE ST and PALMETTO ST",Brooklyn,"4, 5","104, 83",Commercial,Commercial,United States of America,"11237, 11385"
456391,Shooting Permit,12/16/2018 06:00:00 AM,12/16/2018 09:00:00 PM,12/13/2018 09:19:31 PM,"Mayor's Office of Film, Theatre & Broadcasting","GATES AVENUE between ST NICHOLAS AVENUE and WYCKOFF AVENUE,  WYCKOFF AVENUE between GATES AVENUE and LINDEN STREET,  ST. NICHOLAS AVE between PALMETTO ST and GATES AVE",Brooklyn,"4, 5","104, 83",Commercial,Commercial,United States of America,"11237, 11385"
456390,Shooting Permit,12/15/2018 06:00:00 AM,12/15/2018 09:00:00 PM,12/13/2018 09:15:30 PM,"Mayor's Office of Film, Theatre & Broadcasting","GATES AVENUE between ST NICHOLAS AVENUE and WYCKOFF AVENUE,  WYCKOFF AVENUE between GATES AVENUE and LINDEN STREET,  ST. NICHOLAS AVE between PALMETTO ST and GATES AVE",Brooklyn,"4, 5","104, 83",Commercial,Commercial,United States of America,"11237, 11385"
456380,Shooting Permit,12/23/2018 03:00:00 PM,12/23/2018 11:59:00 PM,12/13/2018 05:08:16 PM,"Mayor's Office of Film, Theatre & Broadcasting",DWIGHT STREET between BEARD STREET and VAN DYKE STREET,Brooklyn,6,76,Film,Short,United States of America,11231
456379,Shooting Permit,12/22/2018 08:00:00 AM,12/22/2018 08:00:00 PM,12/13/2018 04:51:15 PM,"Mayor's Office of Film, Theatre & Broadcasting",QUEENS BOULEVARD between 42 STREET and 43 STREET,Queens,2,108,Film,Short,United States of America,11104
456367,Shooting Permit,12/18/2018 07:00:00 AM,12/18/2018 09:00:00 PM,12/13/2018 04:19:10 PM,"Mayor's Office of Film, Theatre & Broadcasting","WEST STREET between FREEMAN STREET and EAGLE STREET,  EAGLE STREET between WEST STREET and FRANKLIN STREET,  GREENPOINT AVENUE between GALE AVENUE and BRADLEY AVENUE,  REVIEW AVE between 37 STREET and LAUREL HILL BOULEVARD",Brooklyn,"1, 2","108, 94",Television,Episodic series,United States of America,"11101, 11222"
456366,Shooting Permit,12/14/2018 12:00:00 PM,12/15/2018 03:00:00 AM,12/13/2018 04:17:54 PM,"Mayor's Office of Film, Theatre & Broadcasting","EAST   12 STREET between 5 AVENUE and UNIVERSITY PLACE,  5 AVENUE between EAST   11 STREET and EAST   12 STREET",Manhattan,2,6,Television,Variety,United States of America,"10003, 10011"
456362,Shooting Permit,12/17/2018 06:00:00 AM,12/17/2018 09:00:00 PM,12/13/2018 04:02:24 PM,"Mayor's Office of Film, Theatre & Broadcasting","FORSYTH STREET between DELANCEY STREET and GRAND STREET,  FORSYTH STREET between GRAND STREET and HESTER STREET,  FORSYTH STREET between GRAND STREET and HESTER STREET,  DELANCEY STREET between ELDRIDGE STREET and FORSYTH STREET,  GRAND STREET between FORSYTH STREET and CHRYSTIE STREET,  GRAND STREET between ALLEN STREET and ELDRIDGE STREET,  BROOME STREET between FORSYTH STREET and ELDRIDGE STREET,  ELDRIDGE STREET between BROOME STREET and GRAND STREET,  ELDRIDGE STREET between BROOME STREET and GRAND STREET",Manhattan,3,5,Television,Episodic series,United States of America,10002
456361,Shooting Permit,12/14/2018 08:00:00 AM,12/14/2018 05:00:00 PM,12/13/2018 04:02:08 PM,"Mayor's Office of Film, Theatre & Broadcasting",Eldert Street between WYCKOFF AVENUE and Dead End,Brooklyn,4,83,Television,Episodic series,United States of America,11237
456360,Shooting Permit,12/18/2018 07:00:00 AM,12/18/2018 08:00:00 PM,12/13/2018 04:01:24 PM,"Mayor's Office of Film, Theatre & Broadcasting","DELANCEY STREET between FORSYTH STREET and ELDRIDGE STREET,  BROOME STREET between FORSYTH STREET and ELDRIDGE STREET,  FORSYTH STREET between DELANCEY STREET and GRAND STREET,  FORSYTH STREET between GRAND STREET and HESTER STREET,  GRAND STREET between FORSYTH STREET and CHRYSTIE STREET",Manhattan,3,5,Television,Episodic series,United States of America,10002
456352,Shooting Permit,12/18/2018 06:00:00 AM,12/18/2018 10:00:00 PM,12/13/2018 03:43:52 PM,"Mayor's Office of Film, Theatre & Broadcasting","WEST   80 STREET between COLUMBUS AVENUE and AMSTERDAM AVENUE,  AMSTERDAM AVENUE between WEST   79 STREET and WEST   82 STREET,  WEST   81 STREET between COLUMBUS AVENUE and AMSTERDAM AVENUE,  CENTRAL PARK WEST between WEST   77 STREET and WEST   81 STREET,  WEST   81 STREET between CENTRAL PARK WEST and COLUMBUS AVENUE,  AMSTERDAM AVENUE between WEST   80 STREET and WEST   82 STREET,  WEST   82 STREET between AMSTERDAM AVENUE and BROADWAY,  WEST   81 STREET between COLUMBUS AVENUE and AMSTERDAM AVENUE",Manhattan,"64, 7","20, 22",Television,Episodic series,United States of America,10024
456338,Shooting Permit,12/19/2018 07:00:00 AM,12/19/2018 07:00:00 PM,12/13/2018 02:50:49 PM,"Mayor's Office of Film, Theatre & Broadcasting",MONTROSE AVENUE between MANHATTAN AVENUE and LEONARD STREET,Brooklyn,1,90,Film,Short,United States of America,11206
456335,Shooting Permit,12/17/2018 08:00:00 AM,12/17/2018 10:00:00 PM,12/13/2018 02:27:48 PM,"Mayor's Office of Film, Theatre & Broadcasting","AVENUE C between EAST    8 STREET and EAST    9 STREET,  EAST    9 STREET between AVENUE C and AVENUE D",Manhattan,3,9,Television,Episodic series,United States of America,10009
456331,Shooting Permit,12/17/2018 06:00:00 AM,12/17/2018 09:00:00 PM,12/13/2018 02:18:59 PM,"Mayor's Office of Film, Theatre & Broadcasting","WEST BROADWAY between PRINCE STREET and SPRING STREET,  WEST BROADWAY between SPRING STREET and PRINCE STREET,  SPRING STREET between WEST BROADWAY and SULLIVAN STREET,  LAGUARDIA PLACE between BLEECKER STREET and WEST HOUSTON STREET,  BLEECKER STREET between SULLIVAN STREET and THOMPSON STREET",Manhattan,2,"1, 6",Television,Cable-other,United States of America,10012
456330,Shooting Permit,12/18/2018 07:00:00 AM,12/18/2018 10:00:00 PM,12/13/2018 02:18:07 PM,"Mayor's Office of Film, Theatre & Broadcasting","SOUTHERN BLVD between BEDFORD PARK BOULEVARD and BRONX PARK ROAD,  EAST  191 STREET between HUGHES AVENUE and BATHGATE AVENUE,  HOFFMAN STREET between EAST FORDHAM ROAD and EAST  191 STREET",Bronx,6,"48, 52",Television,Episodic series,United States of America,10458
456326,Shooting Permit,12/17/2018 03:00:00 PM,12/17/2018 11:00:00 PM,12/13/2018 01:58:31 PM,"Mayor's Office of Film, Theatre & Broadcasting","METROPOLITAN AVENUE between 78 STREET and 75 STREET,  75 STREET between METROPOLITAN AVENUE and 67 ROAD,  78 STREET between METROPOLITAN AVENUE and 66 DRIVE,  80 STREET between 67 ROAD and METROPOLITAN AVENUE,  METROPOLITAN AVENUE between 80 STREET and 79 STREET",Queens,5,104,Television,Episodic series,United States of America,11379
456324,Shooting Permit,12/19/2018 07:00:00 AM,12/19/2018 11:00:00 PM,12/13/2018 01:56:29 PM,"Mayor's Office of Film, Theatre & Broadcasting","DIAMOND STREET between CALYER STREET and MESEROLE AVENUE,  JEWEL STREET between CALYER STREET and MESEROLE AVENUE,  CALYER STREET between DIAMOND STREET and JEWEL STREET,  MESEROLE AVENUE between MOULTRIE STREET and HUMBOLDT STREET,  HUMBOLDT STREET between MESEROLE AVENUE and NORMAN AVENUE",Brooklyn,1,94,Television,Episodic series,United States of America,11222
456323,Shooting Permit,12/17/2018 12:30:00 PM,12/17/2018 08:30:00 PM,12/13/2018 01:56:15 PM,"Mayor's Office of Film, Theatre & Broadcasting","COOK STREET between EVERGREEN AVENUE and BUSHWICK AVENUE,  WHITE STREET between COOK STREET and VARET STREET",Brooklyn,1,90,Television,Not Applicable,United States of America,11206
456315,Shooting Permit,12/17/2018 07:00:00 AM,12/17/2018 09:00:00 PM,12/13/2018 01:38:34 PM,"Mayor's Office of Film, Theatre & Broadcasting","STARR AVENUE between BORDEN AVENUE and VAN DAM STREET,  REVIEW AVENUE between BORDEN AVENUE and VAN DAM STREET",Queens,2,108,Television,Episodic series,United States of America,11101
456307,Shooting Permit,12/17/2018 09:00:00 AM,12/17/2018 11:00:00 PM,12/13/2018 01:23:04 PM,"Mayor's Office of Film, Theatre & Broadcasting","5 AVENUE between 14 STREET and PROSPECT AVENUE,  16 STREET between 5 AVENUE and 6 AVENUE,  PROSPECT AVENUE between 4 AVENUE and 6 AVENUE,  MONITOR STREET between GREENPOINT AVENUE and NORMAN AVENUE,  MONITOR STREET between GREENPOINT AVENUE and NORMAN AVENUE,  KINGSLAND AVENUE between GREENPOINT AVENUE and NORMAN AVENUE",Brooklyn,"1, 6, 7","72, 78, 94",Television,Episodic series,United States of America,"11215, 11222"
456293,Shooting Permit,12/18/2018 07:00:00 AM,12/19/2018 12:00:00 AM,12/13/2018 12:30:23 PM,"Mayor's Office of Film, Theatre & Broadcasting",VANDERBILT AVENUE between TALBOT PLACE and BAY STREET,Staten Island,1,120,Television,Episodic series,United States of America,10304
456292,Shooting Permit,12/18/2018 07:00:00 AM,12/18/2018 07:00:00 PM,12/13/2018 12:28:45 PM,"Mayor's Office of Film, Theatre & Broadcasting",22 STREET between QUEENS PLAZA SOUTH and 43 AVENUE,Queens,2,108,Television,Episodic series,United States of America,11101
456273,Shooting Permit,12/17/2018 07:00:00 AM,12/17/2018 09:00:00 PM,12/13/2018 11:35:52 AM,"Mayor's Office of Film, Theatre & Broadcasting","COVERT STREET between WYCKOFF AVENUE and IRVING AVENUE,  IRVING AVENUE between COVERT STREET and ELDERT STREET",Queens,"4, 5","104, 83",Television,Episodic series,United States of America,"11237, 11385"
456271,Shooting Permit,12/18/2018 11:00:00 AM,12/19/2018 02:00:00 AM,12/13/2018 11:12:41 AM,"Mayor's Office of Film, Theatre & Broadcasting",PARK AVENUE between WASHINGTON AVENUE and CLINTON AVENUE,Brooklyn,2,88,Television,Episodic series,United States of America,11205
456267,Shooting Permit,12/21/2018 07:00:00 AM,12/21/2018 11:00:00 PM,12/13/2018 10:55:56 AM,"Mayor's Office of Film, Theatre & Broadcasting","VERNON BOULEVARD between 41 AVENUE and 40 AVENUE,  41 AVENUE between VERNON BOULEVARD and 10 STREET,  10 STREET between 41 AVENUE and 40 AVENUE,  40 AVENUE between VERNON BOULEVARD and 12 STREET,  DIAMOND STREET between CALYER STREET and MESEROLE AVENUE,  JEWEL STREET between CALYER STREET and MESEROLE AVENUE,  CALYER STREET between DIAMOND STREET and JEWEL STREET,  MESEROLE AVENUE between MOULTRIE STREET and HUMBOLDT STREET,  HUMBOLDT STREET between MESEROLE AVENUE and NORMAN AVENUE",Queens,1,"114, 94",Television,Episodic series,United States of America,"11101, 11222"
456266,Shooting Permit,12/19/2018 09:00:00 AM,12/19/2018 11:00:00 PM,12/13/2018 10:47:22 AM,"Mayor's Office of Film, Theatre & Broadcasting","KINGSLAND AVENUE between NORMAN AVENUE and GREENPOINT AVENUE,  NORMAN AVENUE between KINGSLAND AVENUE and HAUSMAN STREET",Brooklyn,1,94,Television,Episodic series,United States of America,11222
456265,Shooting Permit,12/17/2018 06:00:00 AM,12/17/2018 10:00:00 PM,12/13/2018 10:42:49 AM,"Mayor's Office of Film, Theatre & Broadcasting","35 STREET between 34 AVENUE and 35 AVENUE,  35 AVENUE between 35 STREET and 36 STREET",Queens,1,114,Television,Cable-episodic,United States of America,11106
456262,Shooting Permit,12/14/2018 06:00:00 AM,12/14/2018 11:00:00 PM,12/13/2018 10:13:59 AM,"Mayor's Office of Film, Theatre & Broadcasting",WEST   20 STREET between 10 AVENUE and 11 AVENUE,Manhattan,4,10,Television,Episodic series,United States of America,10011
456254,Shooting Permit,12/14/2018 10:00:00 AM,12/15/2018 03:00:00 AM,12/13/2018 09:05:18 AM,"Mayor's Office of Film, Theatre & Broadcasting","PROVOST STREET between FREEMAN STREET and GREEN STREET,  PROVOST STREET between HURON STREET and EAGLE STREET,  GREEN STREET between MCGUINNESS BOULEVARD and PROVOST STREET",Brooklyn,1,94,Television,Cable-episodic,United States of America,11222
456239,Shooting Permit,12/17/2018 09:00:00 AM,12/17/2018 07:00:00 PM,12/13/2018 08:27:41 AM,"Mayor's Office of Film, Theatre & Broadcasting",WATER STREET between OLD FULTON STREET and NEW DOCK STREET,Brooklyn,2,84,Film,Feature,United States of America,11201
456225,Shooting Permit,12/20/2018 07:00:00 AM,12/20/2018 11:00:00 PM,12/12/2018 08:32:40 PM,"Mayor's Office of Film, Theatre & Broadcasting","ESSEX STREET between RIVINGTON STREET and EAST HOUSTON STREET,  ATTORNEY STREET between STANTON STREET and DEAD END,  STANTON STREET between CLINTON STREET and RIDGE STREET,  RIDGE STREET between EAST HOUSTON STREET and RIVINGTON STREET,  PARK AVENUE SOUTH between EAST   18 STREET and EAST   20 STREET,  PARK AVENUE SOUTH between EAST   20 STREET and EAST   21 STREET,  EAST   19 STREET between IRVING PLACE and PARK AVENUE SOUTH,  EAST   19 STREET between PARK AVENUE SOUTH and BROADWAY,  EAST   18 STREET between PARK AVENUE SOUTH and BROADWAY",Manhattan,"3, 5, 6","13, 7",Television,Episodic series,United States of America,"10002, 10003, 10010"
456223,Shooting Permit,12/18/2018 08:00:00 AM,12/18/2018 05:00:00 PM,12/12/2018 07:36:15 PM,"Mayor's Office of Film, Theatre & Broadcasting",GRAND STREET between ESSEX STREET and LUDLOW STREET,Manhattan,3,7,Still Photography,Not Applicable,United States of America,10002
456218,Shooting Permit,12/18/2018 07:00:00 AM,12/18/2018 11:00:00 PM,12/12/2018 07:15:50 PM,"Mayor's Office of Film, Theatre & Broadcasting","DIAMOND STREET between CALYER STREET and MESEROLE AVENUE,  CALYER STREET between DIAMOND STREET and JEWEL STREET,  JEWEL STREET between CALYER STREET and MESEROLE AVENUE,  MESEROLE AVENUE between MOULTRIE STREET and HUMBOLDT STREET,  HUMBOLDT STREET between MESEROLE AVENUE and NORMAN AVENUE,  SOUTH    5 STREET between BEDFORD AVENUE and DRIGGS AVENUE,  DRIGGS AVENUE between SOUTH    8 STREET and SOUTH    5 STREET,  SOUTH    6 STREET between BROADWAY and BEDFORD AVENUE,  BROADWAY between BEDFORD AVE and DRIGGS AVE",Brooklyn,1,"90, 94",Television,Episodic series,United States of America,"11211, 11222"
456216,Shooting Permit,12/17/2018 06:00:00 AM,12/17/2018 09:00:00 PM,12/12/2018 07:01:48 PM,"Mayor's Office of Film, Theatre & Broadcasting","WEST STREET between FREEMAN STREET and EAGLE STREET,  EAGLE STREET between WEST STREET and FRANKLIN STREET",Brooklyn,1,94,Television,Episodic series,United States of America,11222
456208,Shooting Permit,12/20/2018 07:00:00 AM,12/20/2018 10:00:00 PM,12/12/2018 05:07:10 PM,"Mayor's Office of Film, Theatre & Broadcasting",WEST   58 STREET between 10 AVENUE and 11 AVENUE,Manhattan,4,18,Television,Cable-other,United States of America,10019
456202,Shooting Permit,12/14/2018 07:30:00 AM,12/14/2018 07:30:00 PM,12/12/2018 04:10:45 PM,"Mayor's Office of Film, Theatre & Broadcasting",EAST   82 STREET between 3 AVENUE and 2 AVENUE,Manhattan,8,19,Still Photography,Not Applicable,United States of America,10028
456198,Shooting Permit,12/17/2018 07:00:00 AM,12/17/2018 07:00:00 PM,12/12/2018 03:56:54 PM,"Mayor's Office of Film, Theatre & Broadcasting","WARREN STREET between HENRY STREET and HICKS STREET,  HENRY STREET between WARREN STREET and BALTIC STREET",Brooklyn,6,76,Still Photography,Not Applicable,United States of America,11201
456190,Shooting Permit,12/17/2018 06:30:00 AM,12/17/2018 05:00:00 PM,12/12/2018 03:46:10 PM,"Mayor's Office of Film, Theatre & Broadcasting","PARK AVENUE SOUTH between EAST   23 STREET and EAST   25 STREET,  EAST   25 STREET between MADISON AVENUE and PARK AVENUE SOUTH,  EAST   24 STREET between MADISON AVENUE and PARK AVENUE SOUTH,  MADISON AVENUE between EAST   23 STREET and EAST   26 STREET,  VESTRY STREET between HUDSON STREET and GREENWICH STREET,  LAIGHT STREET between HUDSON STREET and COLLISTER STREET,  HUBERT STREET between HUDSON STREET and GREENWICH STREET,  HUDSON STREET between BEACH STREET and NORTH MOORE STREET,  WEST STREET between NORTH MOORE STREET and HARRISON STREET,  WEST STREET between HARRISON STREET and CHAMBERS STREET,  HARRISON STREET between WEST STREET and GREENWICH STREET",Manhattan,"1, 5","1, 13",Television,Episodic series,United States of America,"10010, 10013, 10282"
456188,Shooting Permit,12/18/2018 08:00:00 AM,12/18/2018 11:00:00 PM,12/12/2018 03:36:27 PM,"Mayor's Office of Film, Theatre & Broadcasting","EAST   41 STREET between PARK AVENUE and LEXINGTON AVENUE,  PARK AVENUE between EAST   36 STREET and EAST   38 STREET,  EAST   38 STREET between MADISON AVENUE and PARK AVENUE,  PARK AVENUE between EAST   38 STREET and EAST   39 STREET,  PARK AVENUE between EAST   38 STREET and EAST   40 STREET,  PARK AVENUE between EAST   37 STREET and EAST   38 STREET,  EAST   38 STREET between PARK AVENUE and LEXINGTON AVENUE",Manhattan,"5, 6","14, 17",Television,Episodic series,United States of America,"10016, 10017, 10178"
456179,Shooting Permit,12/21/2018 06:30:00 AM,12/21/2018 09:00:00 PM,12/12/2018 03:16:01 PM,"Mayor's Office of Film, Theatre & Broadcasting","MANHATTAN AVENUE between INDIA STREET and HURON STREET,  KINGSLAND AVENUE between GREENPOINT AVENUE and DEAD END,  KINGSLAND AVENUE between GREENPOINT AVENUE and NORTH HENRY STREET",Brooklyn,1,94,Television,Cable-episodic,United States of America,11222
456176,Shooting Permit,12/17/2018 06:00:00 AM,12/17/2018 10:00:00 PM,12/12/2018 03:15:33 PM,"Mayor's Office of Film, Theatre & Broadcasting",VANDERBILT AVENUE between TALBOT PLACE and BAY STREET,Staten Island,1,120,Television,Episodic series,United States of America,10304
456171,Shooting Permit,12/17/2018 06:00:00 AM,12/17/2018 11:00:00 PM,12/12/2018 03:04:46 PM,"Mayor's Office of Film, Theatre & Broadcasting","DIAMOND STREET between CALYER STREET and MESEROLE AVENUE,  CALYER STREET between DIAMOND STREET and JEWEL STREET,  JEWEL STREET between CALYER STREET and MESEROLE AVENUE,  MONITOR STREET between NORMAN AVENUE and GREENPOINT AVENUE,  KINGSLAND AVENUE between NORMAN AVENUE and GREENPOINT AVENUE",Brooklyn,1,94,Television,Episodic series,United States of America,11222
456167,Shooting Permit,12/20/2018 06:00:00 AM,12/20/2018 10:00:00 PM,12/12/2018 02:58:55 PM,"Mayor's Office of Film, Theatre & Broadcasting","EAST  125 STREET between MADISON AVENUE and 5 AVENUE,  EAST  125 STREET between MADISON AVENUE and PARK AVENUE,  EAST  123 STREET between MADISON AVENUE and PARK AVENUE,  PARK AVENUE between EAST  123 STREET and EAST  125 STREET",Manhattan,11,25,Television,Episodic series,United States of America,"10027, 10035"